Nomes	CBRO	Referência (handbook of the bird of the world and BirdLife)		Arrumar
Aburria cujubi	Aburria cujubi	Pipile cujubi		
Aburria jacutinga	Aburria jacutinga	Pipile jacutinga		
Aburria jacutinga	Aburria jacutinga			
Accipiter bicolor	Accipiter bicolor	Accipiter bicolor		
Accipiter poliogaster	Accipiter poliogaster	Accipiter poliogaster		
Accipiter superciliosus	Hieraspiza superciliosa	Accipiter superciliosus		
Acrobatornis fonsecai	Acrobatornis fonsecai	Acrobatornis fonsecai		
Acrobatornis fonsecai	Acrobatornis fonsecai			
Aegolius harrisii	Aegolius harrisii	Aegolius harrisii		
Agelaius thilius	Agelasticus thilius	Agelasticus thilius		
Agelasticus cyanopus	Agelasticus cyanopus	Agelasticus cyanopus		
Agelasticus thilius	Agelasticus thilius	Agelasticus thilius		
Agelatius cyanopus	Agelasticus cyanopus			
Alectrurus risora	Alectrurus risora	Alectrurus risora		
Alectrurus tricolor	Alectrurus tricolor	Alectrurus tricolor		
Alectrurus tricolor	Alectrurus tricolor			
Alipiopsitta xanthops	Alipiopsitta xanthops	Alipiopsitta xanthops		
Amadonastur lacernulatus	Amadonastur lacernulatus	Buteogallus lacernulatus		
Amadonastur lacernulatus	Amadonastur lacernulatus			
Amaurolimnas concolor	Amaurolimnas concolor	Amaurolimnas concolor		
Amaurospiza moesta	Amaurospiza moesta	Amaurospiza moesta		
Amazona amazonica	Amazona amazonica	Amazona amazonica		
Amazona brasiliensis	Amazona brasiliensis	Amazona brasiliensis		
Amazona farinosa	Amazona farinosa	Amazona farinosa		
Amazona ochrocephala xantholaema	Amazona ochrocephala xantholaema	Amazona ochrocephala xantholaema		
Amazona pretrei	Amazona pretrei	Amazona pretrei		
Amazona rhodocorytha	Amazona rhodocorytha	Amazona rhodocorytha		
Amazona vinacea	Amazona vinacea	Amazona vinacea		
Amazona pretrei	Amazona pretrei			
Amazona rhodocorytha	Amazona rhodocorytha			
Amazona vinacea	Amazona vinacea			
Anabacerthia amaurotis	Anabacerthia amaurotis	Anabacerthia amaurotis		
Anabacerthia amaurofis	Anabacerthia amaurotis			
Anabazenops dorsalis	Anabazenops dorsalis	Anabazenops dorsalis		
Anabazenops fuscus	Anabazenops fuscus	Anabazenops fuscus		
Anadorhynchus glaucus	Anodorhynchus glaucus			
Anas flavirostris	Anas flavirostris	Anas flavirostris		
Anas georgica	Anas georgica	Anas georgica		
Anhima cornuta	Anhima cornuta	Anhima cornuta		
Anhinga anhinga	Anhinga anhinga	Anhinga anhinga		
Anodorhynchus glaucus	Anodorhynchus glaucus	Anodorhynchus glaucus		
Anodorhynchus hyacinthinus	Anodorhynchus hyacinthinus	Anodorhynchus hyacinthinus		
Anodorhynchus leari	Anodorhynchus leari	Anodorhynchus leari		
Anodorhynchus leari	Anodorhynchus leari			
Anous minutus	Anous minutus	Anous minutus		
Anous stolidus	Anous stolidus	Anous stolidus		
Anthus hellmayri	Anthus hellmayri	Anthus hellmayri		
Anthus nattereri	Anthus nattereri	Anthus nattereri		
Anthus nattereri	Anthus nattereri			
Antilophia bokermanni	Antilophia bokermanni	Antilophia bokermanni		
Antilophia galeata	Antilophia galeata	Antilophia galeata		
Antilophia bokermanni	Antilophia bokermanni			
Antrostomus rufus	Antrostomus rufus	Antrostomus rufus		
Antrostomus sericocaudatus	Antrostomus sericocaudatus	Antrostomus sericocaudatus		
Antrostomus sericocaudatus sericocaudatus	Antrostomus sericocaudatus sericocaudatus	Antrostomus sericocaudatus sericocaudatus		
Anumara forbesi	Anumara forbesi	Anumara forbesi		
Aphantochroa cirrhochloris	Aphantochroa cirrochloris	Eupetomena cirrochloris		
Ara ararauna	Ara ararauna	Ara ararauna		
Ara chloroptera	Ara chloropterus	Ara chloropterus		
Ara chloropterus	Ara chloropterus	Ara chloropterus		
Aramides cajaneus avicenniae	Aramides cajaneus avicenniae	Aramides cajaneus avicenniae		
Aramides mangle	Aramides mangle	Aramides mangle		
Aramides ypecaha	Aramides ypecaha	Aramides ypecaha		
Aratinga auricapilla	Aratinga auricapillus	Aratinga auricapillus		
Aratinga auricapillus	Aratinga auricapillus	Aratinga auricapillus		
Aratinga pintoi	Aratinga maculata	Aratinga maculata		
Aratinga solstitialis	Aratinga solstitialis	Aratinga solstitialis		
Aratinga solstitialis	Aratinga solstitialis			
Arremon semitorquatus	Arremon semitorquatus			
Arremonops conirostris	Arremonops conirostris	Arremonops conirostris		
Arremonops conirostris	Arremonops conirostris			
Asio flammeus	Asio flammeus	Asio flammeus		
Asio stygius	Asio stygius	Asio stygius		
Asthenes hudsoni	Asthenes hudsoni	Asthenes hudsoni		
Asthenes luizae	Asthenes luizae	Asthenes luizae		
Asthenes moreirae	Asthenes moreirae	Asthenes moreirae		
Asthenes baeri	Asthenes baeri			
Asthenes hudsoni	Asthenes hudsoni			
Atticora melanoleuca	Pygochelidon melanoleuca	Pygochelidon melanoleuca		
Attila rufus	Attila rufus	Attila rufus		
Attila spadiceus	Attila spadiceus	Attila spadiceus		
Attila spadiceus uropygiatus	Attila spadiceus uropygiatus	Attila spadiceus uropygiatus		
Attila spadiceus uropygiatus				
Augastes lumachella	Augastes lumachella	Augastes lumachella		
Augastes lumachella				
Automolus lammi	Automolus lammi	Automolus lammi		
Automolus leucophthalmus	Automolus leucophthalmus	Automolus leucophthalmus		
Automolus lammi				
Bailonius bailloni	Pteroglossus bailloni			
Bartramia longicauda	Bartramia longicauda	Bartramia longicauda		
Baryphthengus ruficapillus	Baryphthengus ruficapillus	Baryphthengus ruficapillus		
Basileuterus flaveolus	Myiothlypis flaveola	Myiothlypis flaveola		
Basileuterus leucophrys	Myiothlypis leucophrys	Myiothlypis leucophrys		
Batara cinerea	Batara cinerea	Batara cinerea		
Biatas nigropectus	Biatas nigropectus	Biatas nigropectus		
Botaurus pinnatus	Botaurus pinnatus	Botaurus pinnatus		
Brachygalba lugubris	Brachygalba lugubris	Brachygalba lugubris		
Brachygalba lugubris melanosterna	Brachygalba lugubris melanosterna	Brachygalba lugubris melanosterna		
Brotogeris tirica	Brotogeris tirica			
Bubo virginianus	Bubo virginianus	Bubo virginianus		
Burhinus bistriatus	Burhinus bistriatus	Burhinus bistriatus		
Busarellus nigricollis	Busarellus nigricollis	Busarellus nigricollis		
Buteo albonotatus	Buteo albonotatus	Buteo albonotatus		
Buteo leucorrhous	Parabuteo leucorrhous	Parabuteo leucorrhous		
Buteo melanoleucus	Geranoaetus melanoleucus	Geranoaetus melanoleucus		
Buteo nitidus	Buteo nitidus	Buteo nitidus		
Buteo swainsoni	Buteo swainsoni	Buteo swainsoni		
Buteogallus aequinoctialis	Buteogallus aequinoctialis	Buteogallus aequinoctialis		
Cacicus koepckeae	Cacicus koepckeae	Cacicus koepckeae		
Cacicus solitarius	Cacicus solitarius	Cacicus solitarius		
Cairina moschata	Cairina moschata	Cairina moschata		
Calidris bairdii	Calidris bairdii	Calidris bairdii		
Calidris canutus	Calidris canutus	Calidris canutus		
Calidris canutus rufa	Calidris canutus rufa	Calidris canutus rufa		
Calidris himantopus	Calidris himantopus	Calidris himantopus		
Calidris minutilla	Calidris minutilla	Calidris minutilla		
Calidris pusilla	Calidris pusilla	Calidris pusilla		
Calidris subruficollis	Calidris subruficollis	Calidris subruficollis		
Calidris canutus	Calidris canutus			
Calidris pusilla	Calidris pusilla			
Calidris subruficollis	Calidris subruficollis			
Calidrissubruficollis	Calidris subruficollis	Calidris subruficollis		
Calonectris borealis	Calonectris borealis	Calonectris borealis		
Calonectris edwardsii	Calonectris edwardsii	Calonectris edwardsii		
Calyptura cristata	Calyptura cristata	Calyptura cristata		
Calyptura cristata	Calyptura cristata			
Campephilus leucopogon	Campephilus leucopogon			
Campephilus robustus	Campephilus robustus	Campephilus robustus		
Campylopterus calcirupicola	Campylopterus calcirupicola	Campylopterus calcirupicola		
Campylorhamphus cardosoi	Campylorhamphus cardosoi	Campylorhamphus probatus cardosoi		
Campylorhamphus trochilirostris	Campylorhamphus trochilirostris	Campylorhamphus trochilirostris		
Campylorhamphus trochilirostris trochilirostris	Campylorhamphus trochilirostris trochilirostris	Campylorhamphus trochilirostris trochilirostris		
Campylorhamphus cardosoi	Campylorhamphus cardosoi			
Campylorhamphus multostriatus	Campylorhamphus multostriatus			
Campylorhamphus trochilirostris trochilirostris	Campylorhamphus trochilirostris trochilirostris			
Campylorhamphusmultostriatus	Campylorhamphus multostriatus	Campylorhamphus multostriatus		
Campylorhynchus turdinus	Campylorhynchus turdinus	Campylorhynchus turdinus		
Capito dayi	Capito dayi	Capito dayi		
Capito dayi	Capito dayi			
Caprimulgus hirundinaceus	Nyctidromus hirundinaceus	Nyctipolus hirundinaceus		
Caprimulgus longirostris	Hydropsalis longirostris	Caprimulgus longirostris		
Caprimulgus sericocaudatus	Antrostomus sericocaudatus	Antrostomus sericocaudatus		
Capsiempis flaveola	Capsiempis flaveola	Capsiempis flaveola		
Cariama cristata	Cariama cristata	Cariama cristata		
Carpornis cucullata	Carpornis cucullata	Carpornis cucullata		
Carpornis melanocephala	Carpornis melanocephala	Carpornis melanocephala		
Carpornis melanocephalus	Carpornis melanocephala	Carpornis melanocephala		
Carpornis melanocephala	Carpornis melanocephala			
Caryothraustes canadensis frontalis	Caryothraustes brasiliensis			
Casiornis rufus	Casiornis rufus	Casiornis rufus		
Celeus flavus	Celeus flavus	Celeus flavus		
Celeus flavus subflavus	Celeus flavus subflavus	Celeus flavus subflavus		
Celeus galeatus	Celeus galeatus	Celeus galeatus		
Celeus obrieni	Celeus obrieni	Celeus obrieni		
Celeus torquatus	Celeus torquatus	Celeus torquatus		
Celeus torquatus pieteroyensi	Celeus torquatus pieteroyensi	Celeus torquatus pieteroyensi		
Celeus torquatus tinnunculus	Celeus torquatus tinnunculus	Celeus tinnunculus		
Celeus flavus subflavus	Celeus flavus subflavus			
Celeus obrieni	Celeus obrieni			
Celeus torquatus pieteroyensi	Celeus torquatus pieteroyensi			
Celeus torquatus tinnunculus	Celeus torquatus tinnunculus			
Ceratopipra rubrocapilla	Ceratopipra rubrocapilla	Ceratopipra rubrocapilla		
Cercomacra brasiliana	Cercomacra brasiliana	Cercomacra brasiliana		
Cercomacra ferdinandi	Cercomacra ferdinandi	Cercomacra ferdinandi		
Cercomacra ferdinandi	Cercomacra ferdinandi			
Chamaeza campanisona	Chamaeza campanisona	Chamaeza campanisona		
Chamaeza meruloides	Chamaeza meruloides	Chamaeza meruloides		
Chamaeza nobilis fulvipectus	Chamaeza nobilis fulvipectus	Chamaeza nobilis fulvipectus		
Chamaeza nobilis fulvipectus	Chamaeza nobilis fulvipectus			
Charadrius falklandicus	Charadrius falklandicus	Charadrius falklandicus		
Charadrius wilsonia	Charadrius wilsonia	Charadrius wilsonia		
Charadrius wilsonia wilsonia	Charadrius wilsonia wilsonia	Charadrius wilsonia wilsonia		
Charadrius wilsonia	Charadrius wilsonia			
Charitospiza eucosma	Charitospiza eucosma	Charitospiza eucosma		
Chelidoptera tenebrosa	Chelidoptera tenebrosa	Chelidoptera tenebrosa		
Chelidoptera tenebrosa brasiliensis	Chelidoptera tenebrosa brasiliensis	Chelidoptera tenebrosa brasiliensis		
Chiroxiphia pareola	Chiroxiphia pareola	Chiroxiphia pareola		
Chloroceryle aenea	Chloroceryle aenea	Chloroceryle aenea		
Chloroceryle inda	Chloroceryle inda	Chloroceryle inda		
Chlorophanes spiza	Chlorophanes spiza	Chlorophanes spiza		
Chondrohierax uncinatus	Chondrohierax uncinatus	Chondrohierax uncinatus		
Chordeiles minor	Chordeiles minor	Chordeiles minor		
Chroicocephalus cirrocephalus	Chroicocephalus cirrocephalus	Larus cirrocephalus		
Ciccaba huhula	Strix huhula	Ciccaba huhula		
Ciccaba virgata	Strix virgata	Ciccaba virgata		
Cichlocolaptes leucophrus	Cichlocolaptes leucophrus	Cichlocolaptes leucophrus		
Cichlocolaptes mazarbarnetti	Cichlocolaptes mazarbarnetti	Cichlocolaptes mazarbarnetti		
Cichlopsis leucogenys	Cichlopsis leucogenys	Cichlopsis leucogenys		
Cichlopsis leucogenys	Cichlopsis leucogenys			
Cichlopsisleucogenys	Cichlopsis leucogenys	Cichlopsis leucogenys		
Ciconia maguari	Ciconia maguari	Ciconia maguari		
Cinclodes espinhacensis	Cinclodes espinhacensis	Cinclodes pabsti		
Cinclodes pabsti	Cinclodes pabsti	Cinclodes pabsti		
Cinclodes espinhacensis	Cinclodes espinhacensis			
Circus buffoni	Circus buffoni	Circus buffoni		
Circus cinereus	Circus cinereus	Circus cinereus		
Circus cinereus	Circus cinereus			
Cissopis leveriana	Cissopis leverianus	Cissopis leverianus		
Cissopis leverianus	Cissopis leverianus	Cissopis leverianus		
Cistothorus platensis	Cistothorus platensis	Cistothorus platensis		
Claravis geoffroyi	Paraclaravis geoffroyi	Paraclaravis geoffroyi		
Claravis godefrida	Paraclaravis geoffroyi	Paraclaravis geoffroyi		
Claravis geoffroyi	Paraclaravis geoffroyi			
Claravis pretiosa	Claravis pretiosa			
Clibanornis dendrocolaptoides	Clibanornis dendrocolaptoides	Clibanornis dendrocolaptoides		
Clibanornis rectirostris	Clibanornis rectirostris	Clibanornis rectirostris		
Clytoctantesatrogularis	Clytoctantes atrogularis	Clytoctantes atrogularis		
Cnemotriccus fuscatus fuscatus	Cnemotriccus fuscatus fuscatus	Cnemotriccus fuscatus fuscatus		
Cnipodectessuperrufus	Cnipodectes superrufus	Cnipodectes superrufus		
Coccyzus euleri	Coccyzus euleri	Coccyzus euleri		
Cochlearius cochlearius	Cochlearius cochlearius	Cochlearius cochlearius		
Cochlearius cochlearius cochlearius	Cochlearius cochlearius cochlearius	Cochlearius cochlearius cochlearius		
Colibri delphinae	Colibri delphinae	Colibri delphinae		
Colibri serrirostris	Colibri serrirostris			
Colibridelphinae greenewalti	Colibri delphinae greenewalti			
Colonia colonus	Colonia colonus	Colonia colonus		
Columba speciosa	Patagioenas speciosa	Patagioenas speciosa		
Columba cayennensis	Patagioenas cayennensis			
Columba plumbea	Patagioenas plumbea			
Columbina cyanopis	Columbina cyanopis	Columbina cyanopis		
Columbina minuta	Columbina minuta	Columbina minuta		
Columbina cyanopis	Columbina cyanopis			
Conirostrum bicolor	Conirostrum bicolor	Conirostrum bicolor		
Conopias trivirgatus	Conopias trivirgatus	Conopias trivirgatus		
Conopophaga cearae	Conopophaga cearae	Conopophaga cearae		
Conopophaga lineata lineata	Conopophaga lineata lineata	Conopophaga lineata lineata		
Conopophaga lineata cearae	Conopophaga cearae			
Conopophaga lineata lineata	Conopophaga lineata lineata			
Conopophaga melanops nigrifrons	Conopophaga melanops nigrifrons			
Conothraupis mesoleuca	Conothraupis mesoleuca	Conothraupis mesoleuca		
Conothraupis mesoleuca	Conothraupis mesoleuca			
Contopus cinereus	Contopus cinereus	Contopus cinereus		
Contopus nigrescens	Contopus nigrescens	Contopus nigrescens		
Coryphaspiza melanotis	Coryphaspiza melanotis	Coryphaspiza melanotis		
Coryphaspiza melanotis marajoara	Coryphaspiza melanotis marajoara	Coryphaspiza melanotis marajoara		
Coryphaspiza melanotis	Coryphaspiza melanotis			
Coryphistera alaudina	Coryphistera alaudina	Coryphistera alaudina		
Coryphistera alaudina	Coryphistera alaudina			
Coryphisteraalaudina	Coryphistera alaudina	Coryphistera alaudina		
Corythopis delalandi	Corythopis delalandi	Corythopis delalandi		
Cotinga maculata	Cotinga maculata	Cotinga maculata		
Cotinga maculata	Cotinga maculata			
Coturnicops notatus	Coturnicops notatus	Coturnicops notatus		
Cranioleuca sulphurifera	Limnoctites sulphuriferus	Cranioleuca sulphurifera		
Cranioleuca vulpina	Cranioleuca vulpina	Cranioleuca vulpina		
Cranioleuca muelleri	Cranioleuca muelleri			
Crax blumembachii	Crax blumenbachii	Crax blumenbachii	Erro de escrita SC	
Crax blumenbachii	Crax blumenbachii	Crax blumenbachii		
Crax fasciolata	Crax fasciolata	Crax fasciolata		
Crax fasciolata fasciolata	Crax fasciolata fasciolata	Crax fasciolata fasciolata		
Crax fasciolata pinima	Crax fasciolata pinima	Crax fasciolata pinima		
Crax globulosa	Crax globulosa	Crax globulosa		
Crax blumenbachii	Crax blumenbachii			
Crax fasciolata pinima	Crax fasciolata pinima			
Crax globulosa	Crax globulosa			
Crotophaga major	Crotophaga major	Crotophaga major		
Crypturellus noctivagus	Crypturellus noctivagus	Crypturellus noctivagus		
Crypturellus noctivagus noctivagus	Crypturellus noctivagus	Crypturellus noctivagus noctivagus		
Crypturellus undulatus	Crypturellus undulatus	Crypturellus undulatus		
Crypturellus undulatus vermiculatus	Crypturellus undulatus vermiculatus	Crypturellus undulatus vermiculatus		
Crypturellus variegatus	Crypturellus variegatus	Crypturellus variegatus		
Crypturellus zabele	Crypturellus zabele	Crypturellus noctivagus zabele		
Crypturellus noctivagus noctivagus	Crypturellus noctivagus			
Crypturellus noctivagus zabele	Crypturellus zabele			
Culicivora caudacuta	Culicivora caudacuta	Culicivora caudacuta		
Curaeus forbesi	Anumara forbesi	Anumara forbesi		
Curaeus forbesi	Anumara forbesi			
Cyanocorax cristatellus	Cyanocorax cristatellus	Cyanocorax cristatellus		
Cyanocorax cyanomelas	Cyanocorax cyanomelas	Cyanocorax cyanomelas		
Cyanocorax hafferi	Cyanocorax hafferi	Cyanocorax hafferi		
Cyanocorax hafferi	Cyanocorax hafferi			
Cyanoloxia brissonii sterea	Cyanoloxia brissonii sterea	Cyanoloxia brissonii sterea		
Cyanopsitta spixii	Cyanopsitta spixii	Cyanopsitta spixii		
Cyanopsitta spixii	Cyanopsitta spixii			
Cyphorhinusgriseolateralis	Cyphorhinus griseolateralis	Cyphorhinus arada griseolateralis		
Cypsnagra hirundinacea	Cypsnagra hirundinacea	Cypsnagra hirundinacea		
Dacnis nigripes	Dacnis nigripes	Dacnis nigripes		
Daption capense	Daption capense	Daption capense		
Daptrius americanus	Ibycter americanus	Ibycter americanus		
Deconychura longicauda zimmeri	Deconychura longicauda zimmeri			
Dendrexetastes rufigula paraensis	Dendrexetastes paraensis	Dendrexetastes rufigula paraensis		
Dendrexetastes rufigula  paraensis	Dendrexetastes paraensis	Dendrexetastes rufigula paraensis		
Dendrexetastes rufigula paraensis	Dendrexetastes paraensis			
Dendrocincia turdina	Dendrocincla turdina			
Dendrocincla merula badia	Dendrocincla merula badia	Dendrocincla merula badia		
Dendrocincla taunayi	Dendrocincla taunayi	Dendrocincla fuliginosa taunayi		
Dendrocincla turdina	Dendrocincla turdina	Dendrocincla turdina		
Dendrocincla merula badia	Dendrocincla merula badia			
Dendrocincla taunayi	Dendrocincla taunayi			
Dendrocolaptes certhia medius	Dendrocolaptes certhia	Dendrocolaptes certhia medius		
Dendrocolaptes medius	Dendrocolaptes medius	Dendrocolaptes certhia medius		
Dendrocolaptes retentus	Dendrocolaptes retentus	Dendrocolaptes certhia retentus		
Dendrocolaptes transfasciatus	Dendrocolaptes transfasciatus	Dendrocolaptes picumnus transfasciatus		
Dendrocolaptes medius	Dendrocolaptes medius			
Dendrocolaptes picumnus transfasciatus	Dendrocolaptes transfasciatus			
Dendrocolaptes retentus	Dendrocolaptes retentus			
Dendrocygna bicolor	Dendrocygna bicolor	Dendrocygna bicolor		
Diomedea dabbenena	Diomedea dabbenena	Diomedea dabbenena		
Diomedea epomophora	Diomedea epomophora	Diomedea epomophora		
Diomedea exulans	Diomedea exulans	Diomedea exulans		
Diomedea sanfordi	Diomedea sanfordi	Diomedea sanfordi		
Diomedea dabbenena	Diomedea dabbenena			
Diomedea epomophora	Diomedea epomophora			
Diomedea exulans	Diomedea exulans			
Diomedea sanfordi	Diomedea sanfordi			
Discosura langsdorffi	Discosura langsdorffi	Discosura langsdorffi		
Discosura langsdorffi langsdorffi	Discosura langsdorffi langsdorffi			
Discosuralangsdorffi langsdorffi	Discosura langsdorffi langsdorffi	Discosura langsdorffi langsdorffi		
Dixiphia pipra	Pseudopipra pipra	Pseudopipra pipra		
Dromococcyx pavoninus	Dromococcyx pavoninus	Dromococcyx pavoninus		
Dromococcyx phasianellus	Dromococcyx phasianellus	Dromococcyx phasianellus		
Drymophila genei	Drymophila genei	Drymophila genei		
Drymophila rubricollis	Drymophila rubricollis	Drymophila rubricollis		
Drymophila squamata	Drymophila squamata	Drymophila squamata		
Drymornis bridgesii	Drymornis bridgesii	Drymornis bridgesii		
Dryocopus galeatus	Celeus galeatus	Celeus galeatus		
Dryocopus galeatus	Celeus galeatus			
Dryocopus lineatus	Dryocopus lineatus			
Dysithamnus plumbeus	Dysithamnus plumbeus	Dysithamnus plumbeus		
Dysithamnus xanthopterus	Dysithamnus xanthopterus	Dysithamnus xanthopterus		
Dysithamnus plumbeus	Dysithamnus plumbeus			
Dysithamnusplumbeus	Dysithamnus plumbeus	Dysithamnus plumbeus		
Elaenia ridleyana	Elaenia ridleyana	Elaenia ridleyana		
Elaenia ridleyana	Elaenia ridleyana			
Eleoscytalopus indigoticus	Eleoscytalopus indigoticus	Eleoscytalopus indigoticus		
Eleoscytalopus psychopompus	Eleoscytalopus psychopompus	Eleoscytalopus psychopompus		
Eleoscytalopus psychopompus	Eleoscytalopus psychopompus			
Eleoscytalopuspsychopompus	Eleoscytalopus psychopompus	Eleoscytalopus psychopompus		
Eleothreptus anomalus	Hydropsalis anomala	Eleothreptus anomalus		
Epinecrophylladentei	Epinecrophylla dentei	Epinecrophylla amazonica dentei		
Eudocimus ruber	Eudocimus ruber	Eudocimus ruber		
Euphonia chalybea	Euphonia chalybea	Euphonia chalybea		
Euphonia violacea	Euphonia violacea			
Euscarthmus rufomarginatus	Euscarthmus rufomarginatus	Euscarthmus rufomarginatus		
Falco deiroleucus	Falco deiroleucus	Falco deiroleucus		
Falco rufigularis ophryophanes	Falco rufigularis ophryophanes	Falco rufigularis ophryophanes		
Falco refigularis	Falco rufigularis			
Formicarius colma	Formicarius colma	Formicarius colma		
Formicarius colma ruficeps	Formicarius colma ruficeps	Formicarius colma ruficeps		
Formicivora acutirostris	Formicivora acutirostris	Formicivora acutirostris		
Formicivora erythronotos	Formicivora erythronotos	Formicivora erythronotos		
Formicivora erythronotus	Formicivora erythronotos	Formicivora erythronotos	Provável erro de digitação	
Formicivora grantsaui	Formicivora grantsaui	Formicivora grantsaui		
Formicivora littoralis	Formicivora littoralis	Formicivora serrana		
Formicivora rufa	Formicivora rufa	Formicivora rufa		
Formicivora erythronotos	Formicivora erythronotos			
Formicivora grantsaui	Formicivora grantsaui			
Formicivora littoralis	Formicivora littoralis			
Formicivora paludicola	Formicivora paludicola			
Formicivoraacutirostris	Formicivora acutirostris	Formicivora acutirostris		
Formicivoragrantsaui	Formicivora grantsaui	Formicivora grantsaui		
Formicivoralittoralis	Formicivora littoralis	Formicivora littoralis		
Formicivorapaludicola	Formicivora paludicola	Formicivora paludicola		
Fregata ariel	Fregata trinitatis	Fregata ariel		
Fregata minor	Fregata minor	Fregata minor		
Fregata trinitatis	Fregata trinitatis	Fregata ariel trinitatis		
Fregata ariel	Fregata trinitatis			
Fregata minor	Fregata minor			
Fulica rufifrons	Fulica rufifrons	Fulica rufifrons		
Fulmarus glacialoides	Fulmarus glacialoides	Fulmarus glacialoides		
Galbula ruficauda	Galbula ruficauda	Galbula ruficauda		
Gallinago undulata	Gallinago undulata	Gallinago undulata		
Gallinago undulata gigantea	Gallinago undulata gigantea	Gallinago undulata gigantea		
Gallinula melanops	Porphyriops melanops	Porphyriops melanops		
Gelochelidon nilotica	Gelochelidon nilotica			
Geositta cunicularia	Geositta cunicularia	Geositta cunicularia		
Geositta poeciloptera	Geositta poeciloptera	Geositta poeciloptera		
Geositta poeciloptera	Geositta poeciloptera			
Geotrygon violacea	Geotrygon violacea	Geotrygon violacea		
Geotrygon violacea violacea	Geotrygon violacea violacea	Geotrygon violacea violacea		
Geranoaetus melanoleucus	Geranoaetus melanoleucus	Geranoaetus melanoleucus		
Glaucidium minutissimum	Glaucidium minutissimum	Glaucidium minutissimum		
Glaucidium mooreorum	Glaucidium mooreorum	Glaucidium mooreorum		
Glaucis dohrnii	Glaucis dohrnii	Glaucis dohrnii		
Glaucis dohrnii	Glaucis dohrnii			
Glyphorinchus spirurus	Glyphorynchus spirurus	Glyphorynchus spirurus	Erro digitação	
Glyphorynchus spirurus	Glyphorynchus spirurus	Glyphorynchus spirurus		
Grallaria varia	Grallaria varia	Grallaria varia		
Grallaria varia distincta	Grallaria varia distincta	Grallaria varia distincta		
Grallaria varia imperator	Grallaria varia imperator	Grallaria varia imperator		
Grallaria varia intercedens	Grallaria varia intercedens	Grallaria varia intercedens		
Grallaria varia distincta	Grallaria varia distincta			
Grallaria varia intercedens	Grallaria varia intercedens			
Granatellus pelzelni paraensis	Granatellus pelzelni paraensis	Granatellus paraensis		
Griseotyrannus aurantioatrocristatus	Griseotyrannus aurantioatrocristatus	Griseotyrannus aurantioatrocristatus		
Guaruba guarouba	Guaruba guarouba	Guaruba guarouba		
Guaruba guarouba	Guaruba guarouba			
Gubernatrix cristata	Gubernatrix cristata	Gubernatrix cristata		
Gubernatrix cristata	Gubernatrix cristata			
Gubernetes yetapa	Gubernetes yetapa	Gubernetes yetapa		
Gygis alba alba	Gygis alba	Gygis alba		
Haematopus palliatus	Haematopus palliatus	Haematopus palliatus		
Haematopus palliatus palliatus	Haematopus palliatus palliatus	Haematopus palliatus palliatus		
Harpagus bidentatus	Harpagus bidentatus	Harpagus bidentatus		
Harpia harpyja	Harpia harpyja	Harpia harpyja		
Harpia harpyja	Harpia harpyja			
Harpyhaliaetus coronatus	Urubitinga coronata	Buteogallus coronatus		
Heliactin bilophus	Heliactin bilophus	Heliactin bilophus		
Heliornis fulica	Heliornis fulica	Heliornis fulica		
Hemitriccus diops	Hemitriccus diops	Hemitriccus diops		
Hemitriccus furcatus	Hemitriccus furcatus	Hemitriccus furcatus		
Hemitriccus kaempferi	Hemitriccus kaempferi	Hemitriccus kaempferi		
Hemitriccus mirandae	Hemitriccus mirandae	Hemitriccus mirandae		
Hemitriccus obsoletus	Hemitriccus obsoletus	Hemitriccus obsoletus		
Hemitriccus orbitatus	Hemitriccus orbitatus	Hemitriccus orbitatus		
Hemitriccus furcatus	Hemitriccus furcatus			
Hemitriccus griseipectus naumburgae	Hemitriccus griseipectus naumburgae			
Hemitriccus kaempferi	Hemitriccus kaempferi			
Hemitriccus mirandae	Hemitriccus mirandae			
Herpetotheres cachinnans	Herpetotheres cachinnans			
Herpsilochmus atricapillus	Herpsilochmus atricapillus	Herpsilochmus atricapillus		
Herpsilochmus pileatus	Herpsilochmus pileatus			
Heteroxolmis dominicana	Heteroxolmis dominicanus			
Hydropsalis anomala	Hydropsalis anomala	Eleothreptus anomalus		
Hydropsalis candicans	Hydropsalis candicans	Eleothreptus candicans		
Hydropsalis forcipata	Hydropsalis forcipata	Macropsalis forcipata		
Hydropsalis maculicaudus	Hydropsalis maculicaudus	Hydropsalis maculicaudus		
Hydropsalis candicans	Hydropsalis candicans			
Hylexetastes brigidai	Hylexetastes perrotii			
Hylexetastesbrigidai	Hylexetastes perrotii	Hylexetastes perrotii		
Hylexetastesuniformis	Hylexetastes uniformis			
Hylocharis cyanus	Chlorestes cyanus	Chlorestes cyanus		
Hylocharis sapphirina	Hylocharis sapphirina	Hylocharis sapphirina		
Hylopezus nattereri	Cryptopezus nattereri	Hylopezus nattereri		
Hylopezus paraensis	Hylopezus paraensis	Hylopezus macularius paraensis		
Hylopezus whittakeri	Hylopezus whittakeri	Hylopezus macularius whittakeri		
Hylopezus paraensis	Hylopezus paraensis			
Hylophilus amaurocephalus	Hylophilus amaurocephalus	Hylophilus amaurocephalus		
Hylophilus ochraceiceps rubrifrons	Tunchiornis ochraceiceps rubrifrons			
Hymenops perspicillatus	Hymenops perspicillatus	Hymenops perspicillatus		
Hypocnemis striata	Hypocnemis striata	Hypocnemis striata		
Hypocnemis ochrogyna	Hypocnemis ochrogyna			
Hypocnemishypoxanthaochraceiventris	Hypocnemis hypoxantha ochraceiventris	Hypocnemis hypoxantha ochraceiventris		
Hypocnemisochrogyna	Hypocnemis ochrogyna	Hypocnemis ochrogyna		
Hypoedaleus guttatus	Hypoedaleus guttatus	Hypoedaleus guttatus		
Ibycter americanus	Ibycter americanus	Ibycter americanus		
Iodopleura pipra	Iodopleura pipra	Iodopleura pipra		
Iodopleura pipra leucopygia	Iodopleura pipra leucopygia	Iodopleura pipra leucopygia		
Iodopleura pipra pipra	Iodopleura pipra pipra	Iodopleura pipra pipra		
Iodopleura pipra	Iodopleura pipra			
Iodopleura pipra leucopygia	Iodopleura pipra leucopygia			
Iodopleura pipra pipra	Iodopleura pipra pipra			
Ixobrychus exilis	Ixobrychus exilis	Ixobrychus exilis		
Ixobrychus involucris	Ixobrychus involucris	Ixobrychus involucris		
Jabiru mycteria	Jabiru mycteria	Jabiru mycteria		
Jacamaralcyon tridactyla	Jacamaralcyon tridactyla	Jacamaralcyon tridactyla		
Knipolegus franciscanus	Knipolegus franciscanus	Knipolegus franciscanus		
Laniisoma elegans	Laniisoma elegans	Laniisoma elegans		
Laniocera hypopyrra	Laniocera hypopyrra	Laniocera hypopyrra		
Larus atlanticus	Larus atlanticus			
Larus maculipennis	Chroicocephalus maculipennis	Larus maculipennis		
Laterallus exilis	Laterallus exilis	Laterallus exilis		
Laterallus xenopterus	Laterallus xenopterus	Laterallus xenopterus		
Laterallusspilopterus	Laterallus spilopterus	Laterallus spilopterus		
Laterallusxenopterus	Laterallus xenopterus	Laterallus xenopterus		
Leistes defilippii	Leistes defilippii	Leistes defilippii		
Lepidocolaptes angustirostris	Lepidocolaptes angustirostris	Lepidocolaptes angustirostris		
Lepidocolaptes wagleri	Lepidocolaptes wagleri	Lepidocolaptes squamatus wagleri		
Lepidocolaptes wagleri	Lepidocolaptes wagleri			
Lepidothrix iris	Lepidothrix iris	Lepidothrix iris		
Lepidothrix iris iris	Lepidothrix iris iris	Lepidothrix iris iris		
Lepidothrix vilasboasi	Lepidothrix vilasboasi	Lepidothrix vilasboasi		
Lepidothrix iris	Lepidothrix iris			
Lepidothrix iris iris	Lepidothrix iris iris			
Lepidothrix vilasboasi	Lepidothrix vilasboasi			
Leptasthenura platensis	Leptasthenura platensis	Leptasthenura platensis		
Leptasthenura striolata	Leptasthenura striolata	Leptasthenura striolata		
Leptasthenura platensis	Leptasthenura platensis			
Leptasthenuraplatensis	Leptasthenura platensis	Leptasthenura platensis		
Leptodon cayanensis	Leptodon cayanensis	Leptodon cayanensis		
Leptodon forbesi	Leptodon forbesi	Leptodon forbesi		
Leptodon forbesi	Leptodon forbesi			
Leptotriccus sylviolus	Phylloscartes sylviolus	Phylloscartes sylviolus		
Lessonia rufa	Lessonia rufa	Lessonia rufa		
Leucopternis lacernulata	Amadonastur lacernulatus	Buteogallus lacernulatus		
Leucopternis lacernulatus	Amadonastur lacernulatus	Buteogallus lacernulatus		
Leucopternis polionota	Pseudastur polionotus	Pseudastur polionotus		
Leucopternis polionotus	Pseudastur polionotus	Pseudastur polionotus		
Limnoctites rectirostris	Limnoctites rectirostris	Limnoctites rectirostris		
Limnodromus griseus	Limnodromus griseus	Limnodromus griseus		
Limnodromus griseus	Limnodromus griseus			
Limnornis curvirostris	Limnornis curvirostris	Limnornis curvirostris		
Limosa haemastica	Limosa haemastica	Limosa haemastica		
Lipaugus conditus	Lipaugus conditus	Lipaugus conditus		
Lipaugus lanioides	Lipaugus lanioides	Lipaugus lanioides		
Lipaugus vociferans	Lipaugus vociferans	Lipaugus vociferans		
Lophornis gouldii	Lophornis gouldii	Lophornis gouldii		
Lophornis magnificus	Lophornis magnificus	Lophornis magnificus		
Lophornis gouldii	Lophornis gouldii			
Machaeropterus regulus	Machaeropterus regulus	Machaeropterus regulus		
Mackenziaena leachii	Mackenziaena leachii	Mackenziaena leachii		
Mackenziaena severa	Mackenziaena severa	Mackenziaena severa		
Macronectes giganteus	Macronectes giganteus	Macronectes giganteus		
Macronectes halli	Macronectes halli			
Macropsalis forcipata	Hydropsalis forcipata	Macropsalis forcipata		
Malacoptila minor	Malacoptila minor	Malacoptila minor		
Manacus manacus	Manacus manacus	Manacus manacus		
Megascops atricapilla	Megascops atricapilla	Megascops atricapilla		
Melanerpes flavifrons	Melanerpes flavifrons	Melanerpes flavifrons		
Mergus octosetaceus	Mergus octosetaceus	Mergus octosetaceus		
Mergus octosetaceus	Mergus octosetaceus			
Merulaxis ater	Merulaxis ater	Merulaxis ater		
Merulaxis stresemanni	Merulaxis stresemanni	Merulaxis stresemanni		
Merulaxis stresemanni	Merulaxis stresemanni			
Mesembrinibis cayennensis	Mesembrinibis cayennensis	Mesembrinibis cayennensis		
Micrastur mintoni	Micrastur mintoni	Micrastur mintoni		
Micrastur mirandollei	Micrastur mirandollei	Micrastur mirandollei		
Micropygia schomburgkii	Micropygia schomburgkii	Micropygia schomburgkii		
Micropygia schomburgkii chapmani	Micropygia schomburgkii chapmani	Micropygia schomburgkii chapmani		
Microspingus lateralis	Microspingus lateralis	Microspingus lateralis		
Milvago chimango	Milvago chimango	Phalcoboenus chimango		
Mimus gilvus	Mimus gilvus	Mimus gilvus		
Mimus gilvus antelius	Mimus gilvus antelius	Mimus gilvus antelius		
Molothrus oryzivorus	Molothrus oryzivorus	Molothrus oryzivorus		
Momotus momota	Momotus momota	Momotus momota		
Momotus momota marcgraviana	Momotus momota marcgravianus	Momotus momota marcgravianus		
Momotus momota marcgraviana	Momotus momota marcgravianus			
Monasa morphoeus	Monasa morphoeus	Monasa morphoeus		
Monasa morphoeus morphoeus	Monasa morphoeus morphoeus	Monasa morphoeus morphoeus		
Monasa nigrifrons nigrifrons	Monasa nigrifrons nigrifrons	Monasa nigrifrons nigrifrons		
Monasa morphoeus morphoeus	Monasa morphoeus morphoeus			
Morphnus guianensis	Morphnus guianensis	Morphnus guianensis		
Morphnus guianensis	Morphnus guianensis			
Mycteria americana	Mycteria americana	Mycteria americana		
Myiarchus tyrannulus	Myiarchus tyrannulus	Myiarchus tyrannulus		
Myiobius atricaudus	Myiobius atricaudus	Myiobius atricaudus		
Myiobius barbatus	Myiobius barbatus	Myiobius barbatus		
Myiothlypis leucophrys	Myiothlypis leucophrys	Myiothlypis leucophrys		
Myiothlypis rivularis	Myiothlypis rivularis	Myiothlypis rivularis		
Myrmeciza ruficauda	Myrmoderus ruficauda	Myrmoderus ruficauda		
Myrmeciza squamosa	Myrmoderus squamosus	Myrmoderus squamosus		
Myrmoderus ruficauda	Myrmoderus ruficauda	Myrmoderus ruficauda		
Myrmoderus ruficauda ruficauda	Myrmoderus ruficauda ruficauda	Myrmoderus ruficauda ruficauda		
Myrmoderus ruficaudus	Myrmoderus ruficauda	Myrmoderus ruficauda		
Myrmoderus squamosus	Myrmoderus squamosus	Myrmoderus squamosus		
Myrmoderus ruficaudus	Myrmoderus ruficauda			
Myrmotherula fluminensis	Myrmotherula fluminensis	Myrmotherula fluminensis		
Myrmotherula klagesi	Myrmotherula klagesi	Myrmotherula klagesi		
Myrmotherula minor	Myrmotherula minor	Myrmotherula minor		
Myrmotherula oreni	Myrmotherula oreni	Myrmotherula iheringi oreni		
Myrmotherula snowi	Myrmotherula snowi	Myrmotherula snowi		
Myrmotherula unicolor	Myrmotherula unicolor	Myrmotherula unicolor		
Myrmotherula urosticta	Myrmotherula urosticta	Myrmotherula urosticta		
Myrmotherula fluminensis	Myrmotherula fluminensis			
Myrmotherula klagesi	Myrmotherula klagesi			
Myrmotherula minor	Myrmotherula minor			
Myrmotherula snowi	Myrmotherula snowi			
Myrmotherula urosticta	Myrmotherula urosticta			
Nemosia rourei	Nemosia rourei	Nemosia rourei		
Nemosia rourei	Nemosia rourei			
Neocrex erythrops	Neocrex erythrops	Neocrex erythrops		
Neomorphus geoffroyi	Neomorphus geoffroyi	Neomorphus geoffroyi		
Neomorphus geoffroyi amazonicus	Neomorphus geoffroyi amazonicus	Neomorphus geoffroyi amazonicus		
Neomorphus geoffroyi dulcis	Neomorphus geoffroyi dulcis	Neomorphus geoffroyi dulcis		
Neomorphus geoffroyi geoffroyi	Neomorphus geoffroyi geoffroyi	Neomorphus geoffroyi geoffroyi		
Neomorphus squamiger	Neomorphus squamiger	Neomorphus squamiger		
Neomorphus geoffroyi	Neomorphus geoffroyi			
Neomorphus geoffroyi amazonicus	Neomorphus geoffroyi amazonicus			
Neomorphus geoffroyi dulcis	Neomorphus geoffroyi dulcis			
Neomorphus geoffroyi geoffroyi	Neomorphus geoffroyi geoffroyi			
Neomorphus squamiger	Neomorphus squamiger			
Neopelma aurifrons	Neopelma aurifrons	Neopelma aurifrons		
Neopelma aurifrons	Neopelma aurifrons			
Neothraupis fasciata	Neothraupis fasciata	Neothraupis fasciata		
Netta erythrophthalma	Netta erythrophthalma	Netta erythrophthalma		
Netta peposaca	Netta peposaca	Netta peposaca		
nigropectus	Biatas nigropectus	Biatas nigropectus		
Nonnula rubecula	Nonnula rubecula			
Nonnula rubecula rubecula	Nonnula rubecula rubecula	Nonnula rubecula rubecula		
Notharchus swainsoni	Notharchus swainsoni	Notharchus swainsoni		
Nothura minor	Nothura minor	Nothura minor		
Nothura minor	Nothura minor			
Numenius borealis	Numenius borealis	Numenius borealis		
Numenius hudsonicus	Numenius hudsonicus	Numenius phaeopus hudsonicus		
Nyctanassa violacea	Nyctanassa violacea	Nyctanassa violacea		
Nyctibius aethereus	Nyctibius aethereus	Nyctibius aethereus		
Nyctibius aethereus aethereus	Nyctibius aethereus aethereus	Nyctibius aethereus aethereus		
Nyctibius grandis	Nyctibius grandis	Nyctibius grandis		
Nyctibius grandis grandis	Nyctibius grandis grandis	Nyctibius grandis grandis		
Nyctibius leucopterus	Nyctibius leucopterus	Nyctibius leucopterus		
Nyctibius aethereus aethereus	Nyctibius aethereus aethereus			
Nyctibius leucopterus	Nyctibius leucopterus			
Nycticryphes semicollaris	Nycticryphes semicollaris	Nycticryphes semicollaris		
Nyctidromus hirundinaceus	Nyctidromus hirundinaceus	Nyctipolus hirundinaceus		
Nyctiphrynus ocellatus	Nyctiphrynus ocellatus	Nyctiphrynus ocellatus		
Nyctiprogne vielliardi	Nyctiprogne vielliardi	Nyctiprogne vielliardi		
Nystalus maculatus	Nystalus maculatus	Nystalus maculatus		
Oceanites oceanicus	Oceanites oceanicus	Oceanites oceanicus		
Odontophorus capueira	Odontophorus capueira	Odontophorus capueira		
Odontophorus capueira plumbeicollis	Odontophorus capueira plumbeicollis			
Odontophoruscapueira plumbeicollis	Odontophorus capueira plumbeicollis	Odontophorus capueira plumbeicollis		
Onychoprion fuscatus fuscatus	Onychoprion fuscatus fuscatus	Onychoprion fuscatus fuscatus		
Onychorhynchus coronatus	Onychorhynchus coronatus	Onychorhynchus coronatus		
Onychorhynchus swainsoni	Onychorhynchus swainsoni	Onychorhynchus swainsoni		
Onychorhynchusswainsoni	Onychorhynchus swainsoni	Onychorhynchus swainsoni		
Onycorhynchus swainsoni	Onychorhynchus swainsoni	Onychorhynchus swainsoni	Provavél erro de digitação nos nomes da lista do RS	
Orchesticus abeillei	Orchesticus abeillei	Orchesticus abeillei		
Ornithion inerme	Ornithion inerme	Ornithion inerme		
Ortalis guttata	Ortalis guttata	Ortalis guttata		
Ortalis guttata remota	Ortalis remota	Ortalis guttata remota		
Ortalis remota	Ortalis remota	Ortalis guttata remota		
Ortalis squamata	Ortalis squamata	Ortalis squamata		
Ortalis guttata remota	Ortalis remota			
Orthogonys chloricterus	Orthogonys chloricterus			
Orthopsittaca manilatus	Orthopsittaca manilatus	Orthopsittaca manilatus		
Oryzoborus angolensis	Sporophila angolensis	Sporophila angolensis		
Oryzoborus maximiliani	Sporophila maximiliani	Sporophila maximiliani		
Oxyruncus cristatus cristatus	Oxyruncus cristatus cristatus	Oxyruncus cristatus cristatus		
Oxyruncus cristatus tocantinsi	Oxyruncus cristatus tocantinsi	Oxyruncus cristatus tocantinsi		
Pachyptila belcheri	Pachyptila belcheri	Pachyptila belcheri		
Pachyramphus marginatus	Pachyramphus marginatus	Pachyramphus marginatus		
Panyptila cayennensis	Panyptila cayennensis	Panyptila cayennensis		
Parabuteo leucorrhous	Parabuteo leucorrhous	Parabuteo leucorrhous		
Parabuteo unicinctus	Parabuteo unicinctus			
Paraclaravis geoffroyi	Paraclaravis geoffroyi	Paraclaravis geoffroyi		
Passerina brissonii	Cyanoloxia brissonii	Cyanoloxia brissonii		
Passerina glaucocaerulea	Cyanoloxia glaucocaerulea	Cyanoloxia glaucocaerulea		
Patagioenas plumbea	Patagioenas plumbea	Patagioenas plumbea		
Patagioenas speciosa	Patagioenas speciosa	Patagioenas speciosa		
Pauxi mitu	Pauxi mitu	Mitu mitu		
Pauxi mitu	Pauxi mitu			
Penelope jacucaca	Penelope jacucaca	Penelope jacucaca		
Penelope obscura	Penelope obscura	Penelope obscura		
Penelope ochrogaster	Penelope ochrogaster	Penelope ochrogaster		
Penelope pileata	Penelope pileata	Penelope pileata		
Penelope superciliaris	Penelope superciliaris	Penelope superciliaris		
Penelope superciliaris alagoensis	Penelope superciliaris alagoensis	Penelope superciliaris alagoensis		
Penelope jacucaca	Penelope jacucaca			
Penelope ochrogaster	Penelope ochrogaster			
Penelope pileata	Penelope pileata			
Penelope superciliaris alagoensis	Penelope superciliaris alagoensis			
Phacellodomus ferrugineigula	Phacellodomus ferrugineigula	Phacellodomus ferrugineigula		
Phacellodomus rufifrons	Phacellodomus rufifrons	Phacellodomus rufifrons		
Phacellodomus striaticollis	Phacellodomus striaticollis	Phacellodomus striaticollis		
Phaeothlypis rivularis	Myiothlypis rivularis	Myiothlypis rivularis		
Phaethon aethereus	Phaethon aethereus	Phaethon aethereus		
Phaethon lepturus	Phaethon lepturus	Phaethon lepturus		
Phaethon aethereus	Phaethon aethereus			
Phaethon lepturus	Phaethon lepturus			
Phaethornis aethopygus	Phaethornis aethopygus	Phaethornis aethopygus		
Phaethornis major	Phaethornis major	Phaethornis major		
Phaethornis margarettae	Phaethornis margarettae	Phaethornis margarettae		
Phaethornis aethopygus	Phaethornis aethopygus			
Phaethornis bourcieri major	Phaethornis major			
Phaethornis eurynome	Phaethornis eurynome			
Phaethornis margarettae	Phaethornis margarettae			
Phaethornis margarettae camargoi	Phaethornis margarettae camargoi			
Phaetusa simplex	Phaetusa simplex	Phaetusa simplex		
Phaetusa simplex simplex	Phaetusa simplex simplex	Phaetusa simplex simplex		
Phalaropus tricolor	Phalaropus tricolor	Steganopus tricolor		
Phibalura flavirostris	Phibalura flavirostris	Phibalura flavirostris		
Philydor atricapillus	Philydor atricapillus	Philydor atricapillus		
Philydor dimidiatum	Syndactyla dimidiata	Syndactyla dimidiata		
Philydor lichtensteini	Anabacerthia lichtensteini	Anabacerthia lichtensteini		
Philydor novaesi	Philydor novaesi	Philydor novaesi		
Phlegopsis borbae	Phlegopsis borbae	Phlegopsis borbae		
Phlegopsis nigromaculata confinis	Phlegopsis nigromaculata confinis	Phlegopsis nigromaculata confinis		
Phlegopsis nigromaculata paraensis	Phlegopsis nigromaculata paraensis	Phlegopsis nigromaculata paraensis		
Phlegopsis nigromaculata  paraensis	Phlegopsis nigromaculata paraensis	Phlegopsis nigromaculata paraensis		
Phlegopsis nigromaculata confinis	Phlegopsis nigromaculata confinis			
Phlegopsis nigromaculata paraensis	Phlegopsis nigromaculata paraensis			
Phleocryptes melanops	Phleocryptes melanops	Phleocryptes melanops		
Phoebetria fusca	Phoebetria fusca	Phoebetria fusca		
Phyllomyias griseocapilla	Phyllomyias griseocapilla	Phyllomyias griseocapilla		
Phyllomyias reiseri	Phyllomyias reiseri	Phyllomyias reiseri		
Phylloscartes beckeri	Phylloscartes beckeri	Phylloscartes beckeri		
Phylloscartes ceciliae	Phylloscartes ceciliae	Phylloscartes ceciliae		
Phylloscartes difficilis	Phylloscartes difficilis	Phylloscartes difficilis		
Phylloscartes eximius	Phylloscartes eximius	Pogonotriccus eximius (as vezes tratado como genero separado Pogonotriccus		
Phylloscartes kronei	Phylloscartes kronei	Phylloscartes kronei		
Phylloscartes oustaleti	Phylloscartes oustaleti	Phylloscartes oustaleti		
Phylloscartes paulista	Phylloscartes paulista	Phylloscartes paulista		
Phylloscartes roquettei	Phylloscartes roquettei	Phylloscartes roquettei		
Phylloscartes sylviolus	Phylloscartes sylviolus	Phylloscartes sylviolus		
Phylloscartes beckeri	Phylloscartes kronei			
Phylloscartes ceciliae	Phylloscartes ceciliae			
Phylloscartes roquettei	Phylloscartes roquettei			
Picoides mixtus	Veniliornis mixtus			
Piculus chrysochloros paraensis	Piculus paraensis	Piculus chrysochloros paraensis		
Piculus chrysochlorus	Piculus chrysochloros	Piculus chrysochloros	Provável erro de digitação	
Piculus flavigula	Piculus flavigula	Piculus flavigula		
Piculus paraensis	Piculus paraensis	Piculus chrysochloros paraensis		
Piculus polyzonus	Piculus polyzonus	Piculus chrysochloros polyzonus		
Piculus paraensis	Piculus paraensis			
Piculus polyzonus	Piculus polyzonus			
Picumnus varzeae	Picumnus varzeae			
Pieroglossus castanotis	Pteroglossus castanotis			
Pilherodius pileatus	Pilherodius pileatus	Pilherodius pileatus		
Pionopsitta pileata	Pionopsitta pileata	Pionopsitta pileata		
Pionus menstruus	Pionus menstruus	Pionus menstruus		
Pionus reichenowi	Pionus reichenowi	Pionus reichenowi		
Pionus reichenowi	Pionus reichenowi			
Pipile jacutinga	Aburria jacutinga	Pipile jacutinga		
Pipra pipra	Pseudopipra pipra pipra	Pseudopipra pipra pipra		
Pipra rubrocapilla	Ceratopipra rubrocapilla	Ceratopipra rubrocapilla		
Piprites chloris	Piprites chloris	Piprites chloris		
Piprites chloris griseicens	Piprites chloris grisescens	Piprites chloris grisescens	Provavél erro de digitação nos nomes da lista do pará	
Piprites pileata	Piprites pileata	Piprites pileata		
Piprites pileatus	Piprites pileata	Piprites pileata		
Piprites chloris grisescens	Piprites chloris grisescens			
Piranga flava	Piranga flava	Piranga flava		
Platalea ajaja	Platalea ajaja	Platalea ajaja		
Platyrinchus leucoryphus	Platyrinchus leucoryphus	Platyrinchus leucoryphus		
Platyrinchus mystaceus niveigularis	Platyrinchus mystaceus niveigularis	Platyrinchus mystaceus niveigularis		
Platyrinchus mystaceus niveigularis	Platyrinchus mystaceus niveigularis			
Plegadis chihi	Plegadis chihi	Plegadis chihi		
Podiceps occipitalis	Podiceps occipitalis	Podiceps occipitalis		
Poecilotriccus albifacies	Poecilotriccus albifacies	Poecilotriccus albifacies		
Poecilotriccus latirostris	Poecilotriccus latirostris	Poecilotriccus latirostris		
Polioptila lactea	Polioptila lactea	Polioptila lactea		
Polystictus pectoralis	Polystictus pectoralis	Polystictus pectoralis		
Polystictus superciliaris	Polystictus superciliaris	Polystictus superciliaris		
Polytmus guainumbi	Polytmus guainumbi	Polytmus guainumbi		
Poospiza melanoleuca	Microspingus melanoleucus	Microspingus melanoleucus		
Poospiza thoracica	Castanozoster thoracicus	Castanozoster thoracicus		
Popelairia langsdorffi	Discosura langsdorffi	Discosura langsdorffi		
Porphyrio flavirostris	Porphyrio flavirostris	Porphyrio flavirostris		
Porphyriops melanops	Porphyriops melanops	Porphyriops melanops		
Porphyriops melanops melanops	Porphyriops melanops melanops	Porphyriops melanops melanops		
Porzana flaviventer	Laterallus flaviventer	Laterallus flaviventer		
Porzana spiloptera	Laterallus spilopterus	Laterallus spilopterus		
Porzana Spiloptera	Laterallus spilopterus			
Primolius maracana	Primolius maracana	Primolius maracana		
Primolius  maracana	Primolius maracana	Primolius maracana		
Procacicus solitarius	Cacicus solitarius	Cacicus solitarius		
Procellaria aequinoctialis	Procellaria aequinoctialis	Procellaria aequinoctialis		
Procellaria conspicillata	Procellaria conspicillata	Procellaria conspicillata		
Procellaria aequinoctialis	Procellaria aequinoctialis			
Procellaria conspicillata	Procellaria conspicillata			
Procnias albus wallacei	Procnias albus	Procnias albus wallacei		
Procnias nudicollis	Procnias nudicollis	Procnias nudicollis		
Procnias albus wallacei	Procnias albus			
Progne elegans	Progne elegans	Progne elegans		
Progne subis	Progne subis	Progne subis		
Propyrrhura maracana	Primolius maracana	Primolius maracana		
Psarocolius decumanus	Psarocolius decumanus	Psarocolius decumanus		
Pseudastur polionotus	Pseudastur polionotus	Pseudastur polionotus		
Pseudocolopteryx acutipennis	Pseudocolopteryx acutipennis	Pseudocolopteryx acutipennis		
Pseudocolopteryx flaviventris	Pseudocolopteryx flaviventris	Pseudocolopteryx flaviventris		
Pseudocolopteryx sclateri	Pseudocolopteryx sclateri	Pseudocolopteryx sclateri		
Pseudoseisura lophotes	Pseudoseisura lophotes	Pseudoseisura lophotes		
Pseudoseisura lophotes	Pseudoseisura lophotes			
Psilorhamphus guttatus	Psilorhamphus guttatus	Psilorhamphus guttatus		
Psophia dextralis	Psophia dextralis	Psophia dextralis		
Psophia interjecta	Psophia interjecta	Psophia dextralis interjecta		
Psophia obscura	Psophia obscura	Psophia obscura		
Psophia viridis	Psophia viridis	Psophia viridis		
Psophia viridis obscura	Psophia obscura	Psophia obscura		
Psophia dextralis	Psophia dextralis			
Psophia interjecta	Psophia interjecta			
Psophia obscura	Psophia obscura			
Pterodroma arminjoniana	Pterodroma arminjoniana	Pterodroma arminjoniana		
Pterodroma deserta	Pterodroma deserta	Pterodroma deserta		
Pterodroma incerta	Pterodroma incerta	Pterodroma incerta		
Pterodroma madeira	Pterodroma madeira	Pterodroma madeira		
Pterodroma arminjoniana	Pterodroma arminjoniana			
Pterodroma deserta	Pterodroma deserta			
Pterodroma incerta	Pterodroma incerta			
Pterodroma madeira	Pterodroma madeira			
Pteroglossus aracari	Pteroglossus aracari	Pteroglossus aracari		
Pteroglossus aracari wiedii	Pteroglossus aracari wiedii	Pteroglossus aracari wiedii		
Pteroglossus bailloni	Pteroglossus bailloni	Pteroglossus bailloni		
Pteroglossus bitorquatus bitorquatus	Pteroglossus bitorquatus bitorquatus	Pteroglossus bitorquatus bitorquatus		
Pteroglossus bitorquatus  bitorquatus	Pteroglossus bitorquatus bitorquatus	Pteroglossus bitorquatus bitorquatus		
Pteroglossus castanotis	Pteroglossus castanotis	Pteroglossus castanotis		
Pteroglossus castanotis australis	Pteroglossus castanotis australis	Pteroglossus castanotis australis		
Pteroglossus bitorquatus bitorquatus	Pteroglossus bitorquatus bitorquatus			
Puffinus gravis	Ardenna gravis	Ardenna gravis		
Puffinus griseus	Ardenna grisea	Ardenna grisea		
Puffinus lherminieri	Puffinus lherminieri	Puffinus lherminieri		
Puffinus puffinus	Puffinus puffinus	Puffinus puffinus		
Puffinus lherminieri	Puffinus lherminieri			
Pulsatrix perspicillata	Pulsatrix perspicillata	Pulsatrix perspicillata		
Pulsatrix perspicillata perspicillata	Pulsatrix perspicillata perspicillata	Pulsatrix perspicillata perspicillata		
Pulsatrix perspicillata pulsatrix	Pulsatrix perspicillata pulsatrix	Pulsatrix perspicillata pulsatrix		
Pulsatrix perspicillata pulsatrix	Pulsatrix perspicillata pulsatrix			
Pyriglena atra	Pyriglena atra	Pyriglena atra		
Pyriglena leucoptera	Pyriglena leucoptera	Pyriglena leucoptera		
Pyriglena pernambucensis	Pyriglena pernambucensis	Pyriglena leuconota pernambucensis		
Pyriglena atra	Pyriglena atra			
Pyriglena pernambucensis	Pyriglena pernambucensis			
Pyrilia vulturina	Pyrilia vulturina	Pyrilia vulturina		
Pyrilia vulturina	Pyrilia vulturina			
Pyroderus scutatus	Pyroderus scutatus	Pyroderus scutatus		
Pyroderus scutatus scutatus	Pyroderus scutatus scutatus	Pyroderus scutatus scutatus		
Pyrrhura amazonum	Pyrrhura amazonum	Pyrrhura amazonum		
Pyrrhura anerythra	Pyrrhura anerythra	Pyrrhura lepida anerythra		
Pyrrhura coerulescens	Pyrrhura coerulescens	Pyrrhura lepida coerulescens		
Pyrrhura cruentata	Pyrrhura cruentata	Pyrrhura cruentata		
Pyrrhura griseipectus	Pyrrhura griseipectus	Pyrrhura griseipectus		
Pyrrhura leucotis	Pyrrhura leucotis	Pyrrhura leucotis		
Pyrrhura molinae	Pyrrhura molinae	Pyrrhura molinae		
Pyrrhura pallescens	Pyrrhura pallescens	Pyrrhura snethlage		
Pyrrhura perlata	Pyrrhura perlata	Pyrrhura perlata		
Pyrrhura perlata lepida	Pyrrhura lepida lepida	Pyrrhura lepida lepida		
Pyrrhura pfrimeri	Pyrrhura pfrimeri	Pyrrhura pfrimeri		
Pyrrhura cruentata	Pyrrhura cruentata			
Pyrrhura griseipectus	Pyrrhura griseipectus			
Pyrrhura lepida	Pyrrhura perlata			
Pyrrhura lepida lepida	Pyrrhura coerulescens			
Pyrrhura leucotis	Pyrrhura leucotis			
Pyrrhura pfrimeri	Pyrrhura pfrimeri			
Rallus longirostris	Rallus longirostris	Rallus longirostris		
Rallus longirostris crassirostris	Rallus longirostris crassirostris	Rallus longirostris crassirostris		
Rallus maculatus	Pardirallus maculatus	Pardirallus maculatus		
Ramphastos vitellinus	Ramphastos vitellinus	Ramphastos vitellinus		
Ramphastos toco	Ramphastos toco			
Ramphocaenus melanurus	Ramphocaenus melanurus	Ramphocaenus melanurus		
Ramphocelus bresilius	Ramphocelus bresilia	Ramphocelus bresilius		
Ramphodon naevius	Ramphodon naevius	Ramphodon naevius		
Ramphotrigon megacephala	Ramphotrigon megacephalum	Ramphotrigon megacephalum		
Ramphotrigon megacephalum	Ramphotrigon megacephalum	Ramphotrigon megacephalum		
Rea americana	Rhea americana	Rhea americana	Provável erro de digitação	
Rhea americana	Rhea americana	Rhea americana		
Rhea americana americana	Rhea americana americana	Rhea americana americana		
Rhegmatorhina gymnops	Rhegmatorhina gymnops	Rhegmatorhina gymnops		
Rhegmatorhina hoffmannsi	Rhegmatorhina hoffmannsi	Rhegmatorhina hoffmannsi		
Rhegmatorhina gymnops	Rhegmatorhina gymnops			
Rhopias gularis	Rhopias gularis	Rhopias gularis		
Rhopornis ardesiacus	Rhopornis ardesiacus	Rhopornis ardesiacus		
Rhopornis ardesiacus	Rhopornis ardesiacus			
Rhynchocyclus olivaceus	Rhynchocyclus olivaceus	Rhynchocyclus olivaceus		
Rhynchocyclus olivaceus olivaceus	Rhynchocyclus olivaceus olivaceus	Rhynchocyclus olivaceus olivaceus		
Rhytipterna simplex	Rhytipterna simplex	Rhytipterna simplex		
Sakesphorus luctuosus araguayae	Sakesphorus luctuosus	Sakesphorus luctuosus		
Saltator atricollis	Saltatricula atricollis	Saltator atricollis		
Saltator fuliginosus	Saltator fuliginosus	Saltator fuliginosus		
Saltator similis	Saltator similis	Saltator similis		
Sarcoramphus papa	Sarcoramphus papa	Sarcoramphus papa		
Sarkidiornis melanotos	Sarkidiornis sylvicola?	Sarkidiornis melanotos		
Sarkidiornis sylvicola	Sarkidiornis sylvicola	Sarkidiornis sylvicola		
Schiffornis turdina	Schiffornis turdina	Schiffornis turdina		
Schiffornis turdina intermedia	Schiffornis turdina intermedia	Schiffornis turdina intermedia		
Schiffornis turdina turdina	Schiffornis turdina turdina	Schiffornis turdina turdina		
Schiffornis turdina intermedia	Schiffornis turdina intermedia			
Schistochlamys melanopis	Schistochlamys melanopis	Schistochlamys melanopis		
Sclerurus caudacutus	Sclerurus caudacutus	Sclerurus caudacutus		
Sclerurus caudacutus caligineus	Sclerurus caudacutus caligineus	Sclerurus caudacutus caligineus		
Sclerurus caudacutus umbretta	Sclerurus caudacutus umbretta	Sclerurus caudacutus umbretta		
Sclerurus cearensis	Sclerurus cearensis	Sclerurus cearensis		
Sclerurus macconnelli	Sclerurus macconnelli			
Sclerurus macconnelli bahiae	Sclerurus macconnelli bahiae			
Sclerurus mexicanus	Sclerurus macconnelli	Sclerurus mexicanus		
Sclerurus caudacutus caligineus	Sclerurus caudacutus caligineus			
Sclerurus caudacutus umbretta	Sclerurus caudacutus umbretta			
Sclerurus cearensis	Sclerurus cearensis			
Sclerurus macconnelli bahiae	Sclerurus macconnelli bahiae			
Scytalopus diamantinensis	Scytalopus diamantinensis	Scytalopus diamantinensis		
Scytalopus gonzagai	Scytalopus gonzagai	Scytalopus gonzagai		
Scytalopus iraiensis	Scytalopus iraiensis	Scytalopus iraiensis		
Scytalopus novacapitalis	Scytalopus novacapitalis	Scytalopus novacapitalis		
Scytalopus pachecoi	Scytalopus pachecoi	Scytalopus pachecoi		
Scytalopus speluncae	Scytalopus speluncae	Scytalopus speluncae		
Scytalopus diamantinensis	Scytalopus diamantinensis			
Scytalopus gonzagai	Scytalopus gonzagai			
Scytalopus indigoticus	Eleoscytalopus indigoticus			
Scytalopus iraiensis	Scytalopus iraiensis			
Scytalopus novacapitalis	Scytalopus novacapitalis			
Scytalopusdiamantinensis	Scytalopus diamantinensis	Scytalopus diamantinensis		
Scytalopusnovacapitalis	Scytalopus novacapitalis	Scytalopus novacapitalis		
Selenidera maculirostris	Selenidera maculirostris	Selenidera maculirostris		
Selenidera gouldii baturitensis	Selenidera gouldii			
Selenidera maculitostris	Selenidera maculirostris			
Selenideragouldii baturitensis	Selenidera gouldii		Subspecie consideradas inválidas	
Serpophaga hypoleuca pallida	Serpophaga hypoleuca pallida	Serpophaga hypoleuca pallida		
Serpophaga hypoleuca pallida	Serpophaga hypoleuca pallida			
Spartonoica maluroides	Spartonoica maluroides			
Spheniscus magellanicus	Spheniscus magellanicus	Spheniscus magellanicus		
Spinus yarrellii	Spinus yarrellii	Spinus yarrellii		
Spizaetus melanoleucus	Spizaetus melanoleucus	Spizaetus melanoleucus		
Spizaetus ornatus	Spizaetus ornatus	Spizaetus ornatus		
Spizaetus ornatus ornatus	Spizaetus ornatus ornatus	Spizaetus ornatus ornatus		
Spizaetus tyrannus	Spizaetus tyrannus	Spizaetus tyrannus		
Spizastur melanoleucus	Spizaetus melanoleucus	Spizaetus melanoleucus		
Sporagra yarrellii	Spinus yarrellii	Spinus yarrellii		
Sporagra yarrellii	Spinus yarrellii			
Sporophila angolensis	Sporophila angolensis	Sporophila angolensis		
Sporophila beltoni	Sporophila beltoni	Sporophila beltoni		
Sporophila bouvreuil	Sporophila bouvreuil	Sporophila bouvreuil		
Sporophila cinnamomea	Sporophila cinnamomea	Sporophila cinnamomea		
Sporophila collaris	Sporophila collaris	Sporophila collaris		
Sporophila falcirostris	Sporophila falcirostris	Sporophila falcirostris		
Sporophila frontalis	Sporophila frontalis	Sporophila frontalis		
Sporophila hypoxantha	Sporophila hypoxantha	Sporophila hypoxantha		
Sporophila leucoptera	Sporophila leucoptera	Sporophila leucoptera		
Sporophila maximiliani	Sporophila maximiliani	Sporophila maximiliani		
Sporophila melanogaster	Sporophila melanogaster	Sporophila melanogaster		
Sporophila nigricollis	Sporophila nigricollis	Sporophila nigricollis		
Sporophila palustris	Sporophila palustris	Sporophila palustris		
Sporophila pileata	Sporophila pileata	Sporophila pileata		
Sporophila plumbea	Sporophila plumbea	Sporophila plumbea		
Sporophila ruficollis	Sporophila ruficollis	Sporophila ruficollis		
Sporophila beltoni	Sporophila beltoni			
Sporophila falcirostris	Sporophila falcirostris			
Sporophila frontalis	Sporophila frontalis			
Sporophila hypoxantha	Sporophila hypoxantha			
Sporophila maximiliani	Sporophila maximiliani			
Sporophila melanogaster	Sporophila melanogaster			
Sporophila nigrorufa	Sporophila nigrorufa			
Sporophila palustris	Sporophila palustris			
Sporophila ruficollis	Sporophila falcirostris			
Sporophilafalcirostris	Sporophila falcirostris	Sporophila falcirostris		
Sporophilahypoxantha	Sporophila hypoxantha	Sporophila hypoxantha		
Sporophilanigrorufa	Sporophila nigrorufa	Sporophila nigrorufa		
Sporophyla collaris	Sporophila collaris	Sporophila collaris		
Sporophyla falcirostris	Sporophila falcirostris	Sporophila falcirostris		
Sporophyla frontalis	Sporophila frontalis	Sporophila frontalis	Provável erro de digitação	
Stephanophorus diadematus	Stephanophorus diadematus	Stephanophorus diadematus		
Stephanoxis lalandi	Stephanoxis lalandi	Stephanoxis lalandi		
Stercorarius antarcticus	Stercorarius antarcticus	Catharacta lonnbergi		
Stercorarius chilensis	Stercorarius chilensis	Catharacta chilensis		
Stercorarius longicaudus	Stercorarius longicaudus	Stercorarius longicaudus		
Stercorarius maccormicki	Stercorarius maccormicki	Catharacta maccormicki		
Stercorarius parasiticus	Stercorarius parasiticus	Stercorarius parasiticus		
Stercorarius pomarinus	Stercorarius pomarinus	Stercorarius pomarinus		
Sterna dougallii	Sterna dougallii	Sterna dougallii		
Sterna hirundinacea	Sterna hirundinacea	Sterna hirundinacea		
Sterna dougallii	Sterna dougallii			
Sterna hirundinacea	Sterna hirundinacea			
Sternula superciliaris	Sternula superciliaris	Sternula superciliaris		
Stigmatura napensis napensis	Stigmatura napensis napensis	Stigmatura napensis		
Stigmatura napensis napensis	Stigmatura napensis napensis			
Strix huhula	Strix huhula	Ciccaba huhula		
Strix huhula albomarginata	Strix huhula albomarginata	Ciccaba huhula albomarginata		
Strix virgata	Strix virgata			
Strix huhula albomarginata	Strix huhula albomarginata			
Sturnella defilippii	Leistes defilippii	Leistes defilippii		
Stymphalornis acutirostris	Formicivora acutirostris	Formicivora acutirostris	Antes tratado com genêro próprio	
Stymphalornis acutirostris	Formicivora acutirostris			
Suiriri affinis	Guyramemua affine	Suiriri affinis		
Suiriri islerorum	Guyramemua affine	Guyramemua affinis		
Suiriri suiriri	Suiriri suiriri	Suiriri suiriri		
Sula dactylatra	Sula dactylatra	Sula dactylatra		
Sula sula	Sula sula	Sula sula		
Sula sula	Sula sula			
Synallaxis albilora	Synallaxis albilora	Synallaxis albilora		
Synallaxis cinerea	Synallaxis cinerea	Synallaxis cinerea		
Synallaxis hypospodia	Synallaxis hypospodia	Synallaxis hypospodia		
Synallaxis infuscata	Synallaxis infuscata	Synallaxis infuscata		
Synallaxis kollari	Synallaxis kollari	Synallaxis kollari		
Synallaxis rutilans omissa	Synallaxis rutilans omissa	Synallaxis rutilans omissa		
Synallaxis infuscata	Synallaxis infuscata			
Synallaxis kollari	Synallaxis kollari			
Syndactyla dimidiata	Syndactyla dimidiata	Syndactyla dimidiata		
Syndactyla ucayalae	Syndactyla ucayalae	Syndactyla ucayalae		
Synollaxis albescens	Synallaxis albescens			
Tachornis squamata	Tachornis squamata	Tachornis squamata		
Tachuris rubrigastra	Tachuris rubrigastra	Tachuris rubrigastra		
Tachyphonus cristatus	Loriotus cristatus	Islerothraupis cristata		
Tangara cayana	Stilpnia cayana	Tangara cayana		
Tangara cyanocephala	Tangara cyanocephala	Tangara cyanocephala		
Tangara cyanocephala cearensis	Tangara cyanocephala cearensis	Tangara cyanocephala cearensis		
Tangara cyanomelas	Tangara cyanomelas	Tangara cyanomelas		
Tangara fastuosa	Tangara fastuosa	Tangara fastuosa		
Tangara mexicana	Tangara mexicana	Tangara mexicana		
Tangara peruviana	Stilpnia peruviana	Tangara peruviana		
Tangara seledon	Tangara seledon	Tangara seledon		
Tangara velia	Tangara velia	Tangara velia		
Tangara velia signata	Tangara velia signata	Tangara velia signata		
Tangara cyanocephala cearensis	Tangara cyanocephala cearensis			
Tangara fastuosa	Tangara fastuosa			
Tangara peruviana	Stilpnia peruviana			
Tangara Seledon	Tangara seledon			
Tangara velia signata	Tangara velia signata			
Taoniscus nanus	Taoniscus nanus	Taoniscus nanus		
Taoniscus nanus	Taoniscus nanus			
Terenura sicki	Terenura sicki	Terenura sicki		
Terenura sicki	Terenura sicki			
Thalassarche cauta	Thalassarche cauta			
Thalassarche chlororhynchos	Thalassarche chlororhynchos	Thalassarche chlororhynchos		
Thalassarche chrysostoma	Thalassarche chrysostoma	Thalassarche chrysostoma		
Thalassarche melanophris	Thalassarche melanophris	Thalassarche melanophris		
Thalassarche chlororhynchos	Thalassarche chlororhynchos			
Thalasseus acuflavidus	Thalasseus acuflavidus	Thalasseus sandvicensis acuflavidus		
Thalasseus acuflavidus eurygnathus	Thalasseus acuflavidus eurygnathus			
Thalasseus maximus	Thalasseus maximus	Thalasseus maximus		
Thalasseus maximus maximus	Thalasseus maximus	Thalasseus maximus maximus	Monotípico	
Thalasseus maximus	Thalasseus maximus			
Thalasseusacuflavidus	Thalasseus acuflavidus	Thalasseus sandvicensis acuflavidus		
Thalurania furcata	Thalurania furcata	Thalurania furcata		
Thalurania furcata eriphile	Thalurania furcata eriphile	Thalurania furcata eriphile		
Thalurania watertonii	Thalurania watertonii	Thalurania watertonii		
Thalurania watertonii	Thalurania watertonii			
Thamnomanes caesius	Thamnomanes caesius	Thamnomanes caesius		
Thamnomanes caesius caesius	Thamnomanes caesius caesius	Thamnomanes caesius caesius		
Thamnomanes caesius caesius	Thamnomanes caesius caesius			
Thamnophilus aethiops incertus	Thamnophilus aethiops incertus	Thamnophilus aethiops incertus		
Thamnophilus caerulescens cearensis	Thamnophilus caerulescens cearensis	Thamnophilus caerulescens cearensis		
Thamnophilus pelzelni	Thamnophilus pelzelni	Thamnophilus pelzelni		
Thamnophilus aethiops distans	Thamnophilus aethiops distans			
Thamnophilus caerulescens cearensis	Thamnophilus caerulescens cearensis			
Thamnophilus caerulescens pernambucensis	Thamnophilus caerulescens pernambucensis			
Thamnophilus nigrocinereus tschudii	Thamnophilus nigrocinereus tschudii			
Thamnophilusaethiops distans	Thamnophilus aethiops distans	Thamnophilus aethiops distans		
Thamnophiluscaerulescens pernambucensis	Thamnophilus caerulescens pernambucensis	Thamnophilus pernambucensis		
Thamnophilusnigrocinereus huberi	Thamnophilus nigrocinereus huberi	Thamnophilus nigrocinereus huberi		
Thamnophilusnigrocinereus tschudii	Thamnophilus nigrocinereus tschudii	Thamnophilus nigrocinereus tschudii		
Thannophilidae nigropectus	Biatas nigropectus		Parece ser o mesmo	
Threnetes leucurus medianus	Threnetes leucurus medianus	Threnetes leucurus medianus		
Thripophaga macroura	Thripophaga macroura	Thripophaga macroura		
Thripophaga macroura	Thripophaga macroura			
Tigrisoma fasciatum	Tigrisoma fasciatum	Tigrisoma fasciatum		
Tigrisoma fasciatum fasciatum	Tigrisoma fasciatum fasciatum	Tigrisoma fasciatum fasciatum		
Tigrisoma fasciatum	Tigrisoma fasciatum			
Tijuca condita	Lipaugus conditus			
Tinamus solitarius	Tinamus solitarius	Tinamus solitarius		
Tinamus tao	Tinamus tao	Tinamus tao		
Tinamus tao	Tinamus tao			
Tityra semifasciata	Tityra semifasciata	Tityra semifasciata		
Tolmomyias assimilis paraensis	Tolmomyias assimilis paraensis	Tolmomyias assimilis paraensis		
Touit melanonota	Touit melanonotus	Touit melanonotus		
Touit melanonotus	Touit melanonotus	Touit melanonotus		
Touit surda	Touit surdus	Touit surdus		
Touit surdus	Touit surdus	Touit surdus		
Touit melanonotus	Touit melanonotus			
Touit surdus	Touit surdus			
Triclaria malachitacea	Triclaria malachitacea	Triclaria malachitacea		
Tringa semipalmata	Tringa semipalmata	Tringa semipalmata		
Trogon collaris	Trogon collaris	Trogon collaris		
Trogon collaris eytoni	Trogon collaris eytoni			
Trogon viridis	Trogon viridis	Trogon viridis		
Trogon collaris eytoni	Trogon collaris eytoni			
Tryngites subruficollis	Calidris subruficollis	Calidris subruficollis		
Turdus fumigatus	Turdus fumigatus	Turdus fumigatus		
Turdus fumigatus fumigatus	Turdus fumigatus fumigatus	Turdus fumigatus fumigatus		
Tyranniscus burmeisteri	Tyranniscus burmeisteri	Phyllomyias burmeister		
Tyrannus albogularis	Tyrannus albogularis	Tyrannus albogularis		
Urubitinga coronata	Urubitinga coronata	Buteogallus coronatus		
Urubitinga urubitinga	Urubitinga urubitinga	Buteogallus urubitinga		
Urubitinga coronata	Urubitinga coronata			
Vanellus cayanus	Vanellus cayanus	Hoploxypterus cayanus		
Veniliornis affinis	Veniliornis affinis	Veniliornis affinis		
Veniliornis affinis affinis	Veniliornis affinis affinis	Veniliornis affinis affinis		
Veniliornis mixtus	Veniliornis mixtus	Veniliornis mixtus		
Veniliornis mixtus cancellatus	Veniliornis mixtus cancellatus	Veniliornis mixtus cancellatus		
Vireo gracilirostris	Vireo gracilirostris	Vireo gracilirostris		
Vireo gracilirostris	Vireo gracilirostris			
Xanthopsar flavus	Xanthopsar flavus	Xanthopsar flavus		
Xanthopsar flavus	Xanthopsar flavus			
Xenops minutus alagoanus	Xenops minutus alagoanus	Xenops genibarbis alagoanus		
Xenops minutus alagoanus	Xenops minutus alagoanus			
Xenopsaris albinucha	Xenopsaris albinucha	Xenopsaris albinucha		
Xiphocolaptes carajaensis	Xiphocolaptes carajaensis	Xiphocolaptes promeropirhynchus carajaensis		
Xiphocolaptes falcirostris	Xiphocolaptes falcirostris	Xiphocolaptes falcirostris		
Xiphocolaptes carajaensis	Xiphocolaptes carajaensis			
Xiphocolaptes falcirostris	Xiphocolaptes falcirostris			
Xiphocolaptesfalcirostris	Xiphocolaptes falcirostris	Xiphocolaptes falcirostris		
Xipholena atropurpurea	Xipholena atropurpurea	Xipholena atropurpurea		
Xipholena atropurpurea	Xipholena atropurpurea			
Xipholenaatropurpurea	Xipholena atropurpurea	Xipholena atropurpurea		
Xipholenalamellipennis	Xipholena lamellipennis	Xipholena lamellipennis		
Xiphorhynchus guttatus	Xiphorhynchus guttatus	Xiphorhynchus guttatus		
Xiphorhynchus guttatus guttatus	Xiphorhynchus guttatus guttatus	Xiphorhynchus guttatus guttatus		
Xiphorhynchus picus	Dendroplex picus	Dendroplex picus		
Xiphorhynchus atlanticus	Xiphorhynchus atlanticus			
Xiphorhynchus guttatus gracilirostris	Xiphorhynchus guttatoides gracilirostris			
Xiphorhynchusatlanticus	Xiphorhynchus atlanticus	Xiphorhynchus atlanticus		
Xiphorhynchusguttatoidesgracilirostris	Xiphorhynchus guttatoides gracilirostris			
Xolmis dominicanus	Heteroxolmis dominicanus	Heteroxolmis dominicanus		
Xolmis irupero	Xolmis irupero	Xolmis irupero		
Xolmis dominicanus	Heteroxolmis dominicanus			